{    "device_config": {        
        "N": 4,             
        "C": [1, 0.33, 0.21, 0.21],        
        "M": [8998, 1452, 562, 582]    
    },
    "model_config": {       
        "U": 273,                
        "E": [0.019259929656982422, 0.03933439254760742, 0.05484771728515625, 0.03568201065063477, 0.05875797271728516, 0.05223922729492188, 0.03007946014404297, 0.057627296447753905, 0.056239986419677736, 0.029798030853271484, 0.060785007476806645, 0.05150899887084961, 0.02956867218017578, 0.06001634597778321, 0.02922029495239258, 0.05481672286987305, 0.04973611831665039, 0.029362869262695313, 0.061637973785400396, 0.017782115936279298, 0.02356691360473633, 0.028818607330322266, 0.05516510009765625, 0.04931955337524414, 0.033560752868652344, 0.05493574142456055, 0.028916549682617188, 0.05574159622192383, 0.048795127868652345, 0.034821605682373045, 0.055083274841308594, 0.017372989654541017, 0.0231689453125, 0.028906631469726562, 0.05988245010375977, 0.04930715560913086, 0.04429597854614258, 0.057003688812255864, 0.04970388412475586, 0.040638637542724614, 0.06353483200073243, 0.08193063735961914, 0.04909639358520508, 0.022670555114746093, 0.03701601028442383, 0.054483222961425784, 0.029727363586425783, 0.08247985839843751, 0.05126104354858398, 0.04655609130859375, 0.055037403106689455, 0.04886951446533203, 0.02275981903076172, 0.06024446487426758, 0.0857280731201172, 0.048906707763671876, 0.022258949279785157, 0.029055404663085937, 0.05468406677246094, 0.017426300048828124, 0.029633140563964846, 0.029109954833984375, 0.056187915802001956, 0.04811697006225586, 0.0386103630065918, 0.06199750900268555, 0.04925260543823242, 0.02285032272338867, 0.059221649169921876, 0.08056936264038086, 0.009906291961669922, 0.007846851348876954, 0.010552253723144531, 0.01985248565673828, 0.006193866729736329, 0.0085211181640625, 0.011754264831542969, 0.01923480987548828, 0.017176475524902344, 0.013668270111083985, 0.018981685638427736, 0.018979492187500002, 0.008153495788574218, 0.021445369720458986, 0.02861268997192383, 0.017444953918457032, 0.009620914459228516, 0.011087017059326172, 0.01953969955444336, 0.010221920013427735, 0.019215946197509767, 0.019826602935791016, 0.014871158599853516, 0.020826377868652345, 0.017179546356201173, 0.008688697814941406, 0.02386079788208008, 0.030179691314697266, 0.01771036148071289, 0.008004779815673829, 0.010349140167236329, 0.027525177001953127, 0.006514987945556641, 0.008592185974121093, 0.010393447875976562, 0.025067195892333985, 0.01920848846435547, 0.017255001068115235, 0.022161312103271484, 0.021296215057373048, 0.00841451644897461, 0.0219415283203125, 0.030537662506103517, 0.01728483200073242, 0.00782052993774414, 0.010159187316894532, 0.01911855697631836, 0.005935039520263672, 0.010952339172363282, 0.010464515686035156, 0.019367733001708985, 0.017297115325927735, 0.013878402709960939, 0.020528507232666016, 0.01933570861816406, 0.008333797454833985, 0.021744556427001953, 0.028755264282226564, 0.018757953643798828, 0.00805084228515625, 0.010811958312988281, 0.019655075073242188, 0.005972766876220704, 0.008054790496826171, 0.01202800750732422, 0.01934053421020508, 0.017624378204345703, 0.007568359375, 0.012339609174728393, 0.012318676843643187, 0.0052797562122344965, 0.013684087142944334, 0.018272793560028075, 0.011520419569015502, 0.005185843591690063, 0.012765044660568237, 0.01264623953819275, 0.003912931566238403, 0.005476067533493042, 0.006533150253295898, 0.012716956872940062, 0.015377060136795044, 0.010782696332931519, 0.012216561012268066, 0.011473180389404296, 0.0052871108150482175, 0.014804249725341796, 0.01847023635864258, 0.010929505519866942, 0.005412987670898437, 0.00699366153717041, 0.013991566114425659, 0.006530604429244995, 0.012586554107666015, 0.011161741247177124, 0.009254353294372557, 0.016592832555770872, 0.01153993755340576, 0.0052619354438781735, 0.014315734376907347, 0.01821395673751831, 0.012083046684265136, 0.005325298175811767, 0.006984043979644775, 0.01267226351737976, 0.003871915512084961, 0.005582426404953002, 0.007826428871154785, 0.012546952400207518, 0.011618009490966797, 0.009910610160827636, 0.01303829644203186, 0.01327477520942688, 0.005722729597091675, 0.01438673458099365, 0.01826713617324829, 0.011930862979888915, 0.00605990984916687, 0.009140639820098877, 0.013342663850784302, 0.004093685073852539, 0.00573206428527832, 0.006684202480316162, 0.012851036939620971, 0.012456151342391968, 0.009090571947097777, 0.012400708951950072, 0.011386056632995604, 0.005439294519424438, 0.014965485248565674, 0.01558375358581543, 0.009307861328125, 0.004363059997558594, 0.006520748138427734, 0.011643409729003906, 0.0034475326538085938, 0.004662752151489258, 0.005611419677734375, 0.010645389556884766, 0.009764432907104492, 0.009065628051757812, 0.010881185531616211, 0.009350776672363281, 0.004652738571166992, 0.018156766891479492, 0.016819000244140625, 0.009422779083251953, 0.004400014877319336, 0.010401487350463867, 0.01052999496459961, 0.0037140846252441406, 0.005476474761962891, 0.005842447280883789, 0.010616779327392578, 0.00946044921875, 0.00750422477722168, 0.015927791595458984, 0.017441272735595703, 0.0055103302001953125, 0.01468968391418457, 0.01770782470703125, 0.0156252384185791, 0.005552053451538086, 0.00728154182434082, 0.013712406158447266, 0.005267143249511719, 0.0067441463470458984, 0.008090496063232422, 0.011141300201416016, 0.00974583625793457, 0.00787210464477539, 0.010680675506591797, 0.010742664337158203, 0.004452705383300781, 0.015572071075439453, 0.01563405990600586, 0.009545326232910156, 0.004460334777832031, 0.00683283805847168, 0.010581016540527344, 0.0032339096069335938, 0.004636526107788086, 0.005491971969604492, 0.010795831680297852, 0.010569572448730469, 0.007553815841674805, 0.010686874389648438, 0.009477615356445312, 0.004353046417236328, 0.012537717819213867, 0.01567673683166504, 0.00920557975769043, 0.004384756088256836, 0.005924224853515625, 0.011694669723510742, 0.0035729408264160156, 0.0044362545013427734, 0.005452156066894531, 0.010173797607421875, 0.009254217147827148, 0.005251884460449219, 0.0037555694580078125, 0.014780044555664062],